{"cameraMode":{"drawMode":0,"name":"Shaded","section":"Shading Mode"},"sceneLighting":true,"audioPlay":false,"sceneViewState":{"showFog":true,"showMaterialUpdate":false,"showSkybox":true,"showFlares":true,"showImageEffects":true,"showParticleSystems":true,"showVisualEffectGraphs":true,"m_FxEnabled":true},"in2DMode":false,"pivot":{"x":14.631702423095704,"y":0.4394693374633789,"z":2.513439178466797},"rotation":{"x":0.12519173324108125,"y":0.08620145171880722,"z":-0.010919300839304924,"w":0.9883217215538025},"size":15.629846572875977,"orthographic":false}