{"cameraMode":{"drawMode":0,"name":"Shaded","section":"Shading Mode"},"sceneLighting":true,"audioPlay":false,"sceneViewState":{"showFog":true,"showMaterialUpdate":false,"showSkybox":true,"showFlares":true,"showImageEffects":true,"showParticleSystems":true,"showVisualEffectGraphs":true,"m_FxEnabled":true},"in2DMode":false,"pivot":{"x":11.510164260864258,"y":-3.8534698486328127,"z":-5.333229064941406},"rotation":{"x":0.14039623737335206,"y":0.20633791387081147,"z":-0.029738927260041238,"w":0.9679646492004395},"size":23.250707626342775,"orthographic":false}