{"cameraMode":{"drawMode":0,"name":"Shaded","section":"Shading Mode"},"sceneLighting":false,"audioPlay":false,"sceneViewState":{"showFog":true,"showMaterialUpdate":false,"showSkybox":false,"showFlares":true,"showImageEffects":true,"showParticleSystems":true,"showVisualEffectGraphs":true,"m_FxEnabled":true},"in2DMode":false,"pivot":{"x":-0.625312089920044,"y":0.42345917224884035,"z":-0.9762083292007446},"rotation":{"x":-0.15240506827831269,"y":-0.0011923956917598844,"z":0.0001744912296999246,"w":-0.9883261322975159},"size":6.484267711639404,"orthographic":true}