{"cameraMode":{"drawMode":0,"name":"Shaded","section":"Shading Mode"},"sceneLighting":true,"audioPlay":false,"sceneViewState":{"showFog":true,"showMaterialUpdate":false,"showSkybox":false,"showFlares":true,"showImageEffects":true,"showParticleSystems":true,"showVisualEffectGraphs":true,"m_FxEnabled":true},"in2DMode":false,"pivot":{"x":-0.625312089920044,"y":0.42345917224884035,"z":-0.9762083292007446},"rotation":{"x":0.032842062413692477,"y":0.4088646173477173,"z":-0.014725489541888237,"w":0.911885142326355},"size":6.484267711639404,"orthographic":true}