{"cameraMode":{"drawMode":0,"name":"Shaded","section":"Shading Mode"},"sceneLighting":true,"audioPlay":false,"sceneViewState":{"showFog":true,"showMaterialUpdate":false,"showSkybox":true,"showFlares":true,"showImageEffects":true,"showParticleSystems":true},"in2DMode":false,"pivot":{"x":866.989501953125,"y":229.97674560546876,"z":0.0},"rotation":{"x":-0.010498322546482087,"y":0.01649840548634529,"z":0.00017316112644039094,"w":0.9998100399971008},"size":322.9049987792969,"orthographic":true}