{"cameraMode":{"drawMode":0,"name":"Shaded","section":"Shading Mode"},"sceneLighting":true,"audioPlay":false,"sceneViewState":{"showFog":true,"showMaterialUpdate":false,"showSkybox":true,"showFlares":true,"showImageEffects":true,"showParticleSystems":true},"in2DMode":false,"pivot":{"x":780.534423828125,"y":232.3736114501953,"z":7.531665802001953},"rotation":{"x":-0.06744687259197235,"y":0.007482896558940411,"z":0.000505763222463429,"w":0.9976955652236939},"size":240.49249267578126,"orthographic":true}