{"cameraMode":{"drawMode":0,"name":"Shaded","section":"Shading Mode"},"sceneLighting":false,"audioPlay":false,"sceneViewState":{"showFog":true,"showMaterialUpdate":false,"showSkybox":false,"showFlares":true,"showImageEffects":true,"showParticleSystems":true},"in2DMode":false,"pivot":{"x":866.0249633789063,"y":239.1500244140625,"z":0.0},"rotation":{"x":0.0074942768551409248,"y":0.03898908570408821,"z":-0.00029252562671899796,"w":0.9992123246192932},"size":131.5294647216797,"orthographic":true}