{"cameraMode":{"drawMode":0,"name":"Shaded","section":"Shading Mode"},"sceneLighting":false,"audioPlay":false,"sceneViewState":{"showFog":true,"showMaterialUpdate":false,"showSkybox":false,"showFlares":true,"showImageEffects":true,"showParticleSystems":true},"in2DMode":false,"pivot":{"x":866.0249633789063,"y":239.1500244140625,"z":0.0},"rotation":{"x":-0.043464694172143939,"y":0.031465061008930209,"z":0.0013694976223632694,"w":0.9985592365264893},"size":131.5294647216797,"orthographic":true}